Title,URL,Date
What Is Data Scraping And How Can You Use It?,https://targetinternet.com/what-is-data-scraping-and-how-can-you-use-it/,"Sep 13, 2017"
Data Scraping from Websites to Excel | Web Scraper Chorme ...,https://www.youtube.com/watch?v=aClnnoQK9G0,"Aug 21, 2021"
What is data scraping? - YouTube,https://www.youtube.com/watch?v=COeMzrSYgvw,"Oct 30, 2020"
What is Web Scraping and What is it Used For? | ParseHub,https://www.parsehub.com/blog/what-is-web-scraping/,"Aug 1, 2021"
WHAT IS DATA SCRAPING AND HOW CAN YOU USE IT?,https://www.linkedin.com/pulse/what-data-scraping-how-can-you-use-daniel-rowles,"Nov 21, 2017"
Web Scraping Using Python | GeeksforGeeks - YouTube,https://www.youtube.com/watch?v=O6nnVHPjcJU,"Apr 14, 2021"
What Is Data Scraping And How Can You Use It?,https://targetinternet.com/resources/what-is-data-scraping-and-how-can-you-use-it,"Sep 13, 2017"
Top 7 Data Scraping Tools in 2023 | Octoparse,https://www.octoparse.com/blog/best-data-scraping-tools-for-2021,"Jul 18, 2022"
What is Web Scraping? (And Why Everyone Should Learn It),https://www.youtube.com/watch?v=dlj_QL-ENJM,"Jan 25, 2022"
Web Scraping Techniques: How to Scrape Data from the Internet,https://www.parsehub.com/blog/web-scraping-techniques/,"Mar 16, 2020"
Web Scraping with Python - Beautiful Soup Crash Course,https://www.youtube.com/watch?v=XVv6mJpFOb0,"Nov 19, 2020"
6 Free Web Scraping Tools That Make Data Collection a Breeze,https://builtin.com/data-science/free-web-scraping-tools,"Jul 12, 2022"
Instant Data Scraper Chorme Extension | Learn Web Scraping,https://www.youtube.com/watch?v=Y5lodOYAURY,"Aug 17, 2021"
This Loophole Helps Me Scrape ANY Website with ChatGPT,https://www.youtube.com/watch?v=GapR6gIIHDs,"Dec 19, 2022"
Web Scraping Examples: How are Businesses Using Web ...,https://www.parsehub.com/blog/web-scraping-examples/,"Feb 1, 2022"
What is Data Scraping? #shorts - YouTube,https://www.youtube.com/watch?v=pazspHyE618,"Oct 28, 2021"
Data Mining & Web Scraping Services - Upwork,https://www.upwork.com/services/data-analysis-reports/data-mining-scraping,"Nov 8, 2020"
Top 7 Differences of Web Scraping vs API in 2023 - AIMultiple,https://research.aimultiple.com/web-scraping-vs-api/,"Feb 13, 2022"
7 Best Web Scraping Tools To Extract Data,https://betterprogramming.pub/data-scraping-tools-7cb76eeab89e,"Apr 25, 2021"
"Social Media Scraping: Tools, How-to & Case Studies in 2023",https://research.aimultiple.com/social-media-scraping/,"Mar 25, 2022"
Data Scraping for Research Purposes - YouTube,https://www.youtube.com/watch?v=_mTGWquOEos,"Apr 3, 2022"
How To Use ChatGPT To Fully Automate Web Scraping,https://www.youtube.com/watch?v=e9oOj5jRHrM,"Jan 24, 2023"
Web Scraping vs Data Mining: What's the Difference?,https://www.parsehub.com/blog/web-scraping-vs-data-mining/,"Mar 2, 2020"
Beginners Guide To Web Scraping with Python - YouTube,https://www.youtube.com/watch?v=QhD015WUMxE,"Nov 27, 2021"
How to Scrape Data from Websites into Excel - YouTube,https://www.youtube.com/watch?v=uSxM2MXO0HI,"May 30, 2022"
UiPath Data Scraping (Web Page to Excel) - Tutorial - YouTube,https://www.youtube.com/watch?v=vIAJvk4quqA,"Jan 22, 2020"
Web Data Extraction Automation - UiPath,https://www.uipath.com/learning/video-tutorials/web-data-extraction-automation,"Jan 19, 2021"
How to do Data Scraping in UiPath - Full Tutorial - YouTube,https://www.youtube.com/watch?v=94vxID7MBOM,"Apr 21, 2022"
What is Web Scraping? | Practical Uses & Methods - WebHarvy,https://www.webharvy.com/articles/what-is-web-scraping.html,"Oct 26, 2021"
The Ultimate Guide to Web Scraping with RPA in 2023,https://research.aimultiple.com/rpa-web-scraping/,"Jul 18, 2021"
Know the Difference: Web Crawler vs Web Scraper | Oxylabs,https://oxylabs.io/blog/crawling-vs-scraping,"May 4, 2021"
Web Scraping Techniques: How to Scrape Data from the Internet,https://www.youtube.com/watch?v=WgfUrqMbokE,"Mar 26, 2021"
Web Scraping in Power Automate for Desktop (Full Tutorial),https://www.youtube.com/watch?v=WXK0u2yXLrU,"May 25, 2022"
AWESOME Excel trick to scrape data from web automatically,https://www.youtube.com/watch?v=lFx0MkyBZsg,"Jul 19, 2022"
Web Scraping Made EASY With Power Automate Desktop,https://www.youtube.com/watch?v=DgBZiBIgh3w,"Feb 10, 2022"
What is Web Scraping and What is it Used For? - YouTube,https://www.youtube.com/watch?v=Ct8Gxo8StBU,"Sep 27, 2019"
Google Maps Data Scraping by Free Instant Data Scraper ...,https://www.youtube.com/watch?v=iNy4kfyzK-k,"Aug 26, 2021"
Web Scraping vs API: What's the Difference? - ParseHub,https://www.parsehub.com/blog/web-scraping-vs-api/,"Mar 9, 2020"
How to do FREE Web Scraping to Excel in Windows 10,https://www.youtube.com/watch?v=4zmviNtOFwA,"Jun 15, 2022"
Is web scraping legal? - YouTube,https://www.youtube.com/watch?v=pPy3sbeGNjQ,"Nov 21, 2022"
How to do WEB DATA SCRAPING on Power Automate Desktop,https://www.youtube.com/watch?v=L-tpN7z4tLs,"Jul 13, 2021"
Build a Web Scraper (super simple!) - YouTube,https://www.youtube.com/watch?v=-3lqUHeZs_0,"Sep 26, 2021"
A Beginner's Guide to learn web scraping with python!,https://www.edureka.co/blog/web-scraping-with-python/,2 weeks ago
Data Scraping Crawler - PhantomBuster,https://phantombuster.com/automations/toolbox/22972/data-scraping-crawler,"Jun 19, 2020"
Web Scraping Tool & Free Web Crawlers - Octoparse,https://www.octoparse.com/WebScraping,"Sep 9, 2021"
5 Best Web Scraping Tools in 2020! - YouTube,https://www.youtube.com/watch?v=QbkXCkcmHJI,"Apr 8, 2019"
Web Scraping Process - Mindbowser,https://www.mindbowser.com/web-scraping-process/,"Jul 2, 2020"
How does web scraping work? - ParseHub,https://www.parsehub.com/blog/how-web-scraping-works/,"Feb 24, 2020"
A Beginner's Guide To Web Scraping Python - Simplilearn,https://www.simplilearn.com/tutorials/python-tutorial/web-scraping-with-python,"Mar 28, 2022"
Scrape Data from Google Search - YouTube,https://www.youtube.com/watch?v=_R8pNl41iUg,"Jul 23, 2021"
